acc_epoch,epoch,step,train_loss_epoch
0.125,0,3,2.2895467281341553
0.25,1,7,1.9599575996398926
0.25,2,11,1.9110651016235352
