acc_epoch,epoch,step,train_loss_epoch
0.125,0,3,2.35097074508667
0.40625,1,7,1.731850266456604
0.40625,2,11,1.5601543188095093
