acc_epoch,epoch,step,train_loss_epoch
0.1875,0,3,2.2014827728271484
0.46875,1,7,1.450137972831726
0.5,2,11,1.304825782775879
