acc_epoch,epoch,step,train_loss_epoch
0.125,0,3,2.276883602142334
0.25,1,7,1.9690148830413818
0.25,2,11,1.9152753353118896
